City_ID,City,Lat,Lng,Max Temp,Humidity,Cloudiness,Wind Speed,Country,Date
0,hobart,-42.8794,147.3294,29.107,79,75,8.75,AU,1675316209
1,huarmey,-10.0681,-78.1522,29.483,82,100,2.56,PE,1675316209
2,katsuura,35.1333,140.3,28.157,35,100,3.45,JP,1675316210
3,charlestown,-32.95,151.6667,30.602999999999998,51,14,1.79,AU,1675315977
4,bluff,-46.6,168.3333,29.317000000000004,79,92,1.89,NZ,1675316210
5,port elizabeth,-33.918,25.5701,29.499000000000002,79,0,2.24,ZA,1675316211
6,mar del plata,-38.0023,-57.5575,29.487000000000002,88,0,4.02,AR,1675315958
7,nemuro,43.3236,145.575,26.796,69,55,8.06,JP,1675316211
8,kendari,-3.945,122.4989,30.165,78,100,1.92,ID,1675316211
9,kapaa,22.0752,-159.319,29.814,89,75,3.6,US,1675316212
10,vestmannaeyjar,63.4427,-20.2734,27.629000000000005,92,100,18.34,IS,1675316212
11,busselton,-33.65,115.3333,30.301000000000002,28,98,4.1,AU,1675316212
12,tevriz,57.509,72.4042,26.438000000000002,94,99,1.55,RU,1675316213
13,tiksi,71.6872,128.8694,24.511000000000003,98,99,3.63,RU,1675316213
14,urzhum,57.1141,49.9996,25.808,91,87,2.66,RU,1675316213
15,palu,-0.8917,119.8707,29.999000000000002,90,100,1.26,ID,1675316214
16,hithadhoo,-0.6,73.0833,30.034,75,33,6.09,MV,1675316214
17,leningradskiy,69.3833,178.4167,24.878,99,76,2.4,RU,1675316214
18,qaanaaq,77.484,-69.3632,25.186000000000003,56,0,4.12,GL,1675316215
19,wattegama,6.7989,81.4808,30.200000000000003,67,72,2.5,LK,1675316215
20,provideniya,64.3833,-173.3,26.921,74,75,7.0,RU,1675316216
21,kibre mengist,5.8833,38.9833,29.445999999999998,36,12,1.38,ET,1675316216
22,bambous virieux,-20.3428,57.7575,30.271,74,40,2.57,MU,1675316216
23,grindavik,63.8424,-22.4338,27.541000000000004,93,100,16.98,IS,1675315977
24,san jose,37.3394,-121.895,28.326,65,0,0.89,US,1675316016
25,rikitea,-23.1203,-134.9692,29.944000000000003,72,3,7.03,PF,1675316218
26,vestmanna,62.1564,-7.1664,27.466000000000005,87,75,7.2,FO,1675316218
27,qarchi gak,37.04,66.7889,28.510000000000005,70,100,2.32,AF,1675316218
28,ushuaia,-54.8,-68.3,28.396,82,0,2.57,AR,1675316219
29,hermanus,-34.4187,19.2345,29.137,76,52,2.12,ZA,1675316219
30,georgetown,5.4112,100.3354,30.412000000000003,60,20,5.66,MY,1675316151
31,hay river,60.8156,-115.7999,24.114,75,0,2.06,CA,1675316219
32,portland,45.5234,-122.6762,27.758,75,40,3.09,US,1675316108
33,oistins,13.0667,-59.5333,29.82,69,40,6.17,BB,1675316220
34,victoria,22.2855,114.1577,29.757,71,31,8.05,HK,1675316208
35,puerto ayora,-0.7393,-90.3518,29.846,96,75,0.89,EC,1675316220
36,ayagoz,47.9714,80.4392,26.132,83,37,3.51,KZ,1675316220
37,isangel,-19.55,169.2667,30.198000000000004,75,61,3.43,VU,1675316221
38,berlevag,70.8578,29.0864,27.312,55,100,5.14,NO,1675316221
39,butaritari,3.0707,172.7902,29.986000000000004,79,100,9.82,KI,1675316221
40,jamestown,42.097,-79.2353,26.632,88,0,4.63,US,1675316071
41,yerbogachen,61.2767,108.0108,25.328000000000003,95,77,3.7,RU,1675316222
42,port alfred,-33.5906,26.891,29.492000000000004,78,8,0.89,ZA,1675316222
43,cape town,-33.9258,18.4232,29.447000000000003,68,0,4.63,ZA,1675316222
44,faanui,-16.4833,-151.75,30.093000000000004,74,28,8.65,PF,1675316223
45,new norfolk,-42.7826,147.0587,29.087000000000003,72,99,1.34,AU,1675316223
46,marsh harbour,26.5412,-77.0636,29.672000000000004,73,13,1.81,BS,1675316224
47,albany,42.6001,-73.9662,26.673000000000002,63,20,0.89,US,1675316224
48,cidreira,-30.1811,-50.2056,29.656000000000002,93,5,2.34,BR,1675316224
49,barraute,48.4335,-77.6328,26.230000000000004,94,100,3.14,CA,1675316225
50,punta arenas,-53.15,-70.9167,28.521,71,75,2.57,CL,1675316225
51,sehithwa,-20.4667,22.7167,29.644000000000002,74,86,3.23,BW,1675316226
52,vaini,-21.2,-175.2,30.124000000000002,78,75,6.17,TO,1675316226
53,mataura,-46.1927,168.8643,29.445999999999998,92,100,0.95,NZ,1675316226
54,dali,25.7,100.1833,29.310000000000002,28,52,3.93,CN,1675316227
55,cullera,39.1667,-0.25,28.124000000000002,87,0,0.89,ES,1675316227
56,hamilton,39.1834,-84.5333,27.089,70,0,0.45,US,1675316228
57,ocos,14.5094,-92.1933,29.425,74,26,1.85,GT,1675316228
58,bredasdorp,-34.5322,20.0403,29.277,69,10,0.7,ZA,1675316229
59,sibolga,1.7427,98.7792,30.285000000000004,56,100,1.43,ID,1675316229
60,cap malheureux,-19.9842,57.6142,30.285000000000004,70,3,4.02,MU,1675316229
61,castro,-24.7911,-50.0119,29.14,95,81,1.11,BR,1675316229
62,alihe,50.5667,123.7167,26.125,59,3,3.4,CN,1675316230
63,yellowknife,62.456,-114.3525,23.568,67,0,1.54,CA,1675316230
64,avera,33.194,-82.5271,28.718000000000004,82,95,1.89,US,1675316010
65,dikson,73.5069,80.5464,25.191000000000003,94,93,3.21,RU,1675316230
66,ilulissat,69.2167,-51.1,26.216000000000005,44,86,8.75,GL,1675316231
67,bilibino,68.0546,166.4372,25.292,100,99,1.75,RU,1675316231
68,khatanga,71.9667,102.5,24.515,97,100,2.53,RU,1675316232
69,alcobendas,40.5475,-3.642,27.764,75,0,1.34,ES,1675316232
70,itarema,-2.9248,-39.9167,29.882,82,100,4.31,BR,1675316232
71,santa cruz,-17.8,-63.1667,29.585000000000004,94,75,2.06,BO,1675316233
72,bandarbeyla,9.4942,50.8122,29.812,57,6,7.02,SO,1675316233
73,saint-philippe,-21.3585,55.7679,30.092000000000002,73,13,3.6,RE,1675316233
74,bubaque,11.2833,-15.8333,29.802999999999997,51,2,7.8,GW,1675316234
75,jalu,29.0331,21.5482,28.28,55,0,2.41,LY,1675316234
76,pisco,-13.7,-76.2167,29.618000000000002,83,0,4.12,PE,1675316235
77,bischofswerda,51.1277,14.1797,27.701,91,100,8.95,DE,1675316235
78,chuy,-33.6971,-53.4616,29.397000000000006,82,59,2.39,UY,1675316235
79,maltahohe,-24.8333,16.9833,29.607,32,89,7.7,NA,1675316236
80,guerrero negro,27.9769,-114.0611,28.685000000000002,66,0,0.48,MX,1675316033
81,port augusta,-32.5,137.7667,29.862000000000002,35,1,10.57,AU,1675316236
82,gelemso,8.8167,40.5167,29.306,29,44,2.29,ET,1675316237
83,talnakh,69.4865,88.3972,26.049000000000003,96,100,3.9,RU,1675315994
84,pevek,69.7008,170.3133,25.026,97,25,0.28,RU,1675316237
85,sangareddi,17.6294,78.0917,30.033,21,46,5.3,IN,1675316238
86,cuenca,-2.8833,-78.9833,28.587000000000003,95,96,1.47,EC,1675316238
87,volchikha,52.0333,80.3833,26.681,89,95,2.1,RU,1675316238
88,longyearbyen,78.2186,15.6401,26.106,61,20,8.75,SJ,1675316239
89,chokurdakh,70.6333,147.9167,25.003,99,100,1.97,RU,1675316239
90,cherskiy,68.75,161.3,24.978,100,98,1.41,RU,1675316239
91,tura,25.5198,90.2201,29.974000000000004,20,11,1.14,IN,1675316240
92,ixtapa,20.7,-105.2,29.372000000000003,88,40,0.0,MX,1675316240
93,klaksvik,62.2266,-6.589,27.566000000000003,70,100,8.06,FO,1675316240
94,barrow,71.2906,-156.7887,25.216,77,0,9.26,US,1675316241
95,qaqortoq,60.7167,-46.0333,25.87,92,92,0.34,GL,1675316241
96,lebu,-37.6167,-73.65,28.593000000000004,88,0,8.21,CL,1675316241
97,tasiilaq,65.6145,-37.6368,26.724000000000004,65,100,13.25,GL,1675316242
98,iqaluit,63.7506,-68.5145,23.900000000000002,62,40,1.03,CA,1675316242
99,riohacha,11.5444,-72.9072,29.561000000000003,85,5,4.49,CO,1675316243
100,surin,14.8818,103.4936,30.436000000000003,34,69,1.9,TH,1675316243
101,arraial do cabo,-22.9661,-42.0278,29.715,90,100,2.6,BR,1675316244
102,pacific grove,36.6177,-121.9166,28.24,89,0,2.06,US,1675316244
103,gien,47.6933,2.6309,27.901,85,98,3.12,FR,1675316244
104,saskylakh,71.9167,114.0833,24.491,100,99,2.11,RU,1675316245
105,springbok,-29.6643,17.8865,29.131,47,0,1.44,ZA,1675316245
106,salisbury,51.0693,-1.7957,28.082,86,100,4.63,GB,1675316016
107,siloam springs,36.1881,-94.5405,27.247000000000003,91,0,0.0,US,1675316246
108,sao filipe,14.8961,-24.4956,29.449,73,79,5.73,CV,1675316246
109,ust-barguzin,53.45,108.9833,26.093000000000004,89,100,0.86,RU,1675316246
110,chicama,-7.8447,-79.1469,29.345,71,71,1.48,PE,1675316247
111,balkanabat,39.5108,54.3671,28.138,67,4,1.73,TM,1675316247
112,srednekolymsk,67.45,153.6833,24.081000000000003,99,93,2.67,RU,1675316248
113,andenes,69.3143,16.1194,27.033,86,0,4.63,NO,1675316248
114,souillac,-20.5167,57.5167,30.236000000000004,74,40,2.57,MU,1675316248
115,porvoo,60.3923,25.6651,27.157,94,99,3.08,FI,1675316248
116,veraval,20.9,70.3667,30.002,36,46,3.03,IN,1675316249
117,port-cartier,50.0334,-66.8654,25.897000000000006,99,97,1.42,CA,1675316249
118,galesong,-5.3166,119.3661,30.016000000000005,83,100,5.29,ID,1675316250
119,kavieng,-2.5744,150.7967,30.289,63,96,3.71,PG,1675316250
120,vila velha,-20.3297,-40.2925,29.812,89,75,3.6,BR,1675316250
121,along,28.1667,94.7667,30.061000000000003,29,3,0.95,IN,1675316250
122,husavik,66.0449,-17.3389,26.689999999999998,93,98,4.45,IS,1675316251
123,whitley bay,55.0397,-1.4471,28.304000000000002,88,100,8.75,GB,1675316251
124,mayumba,-3.432,10.6554,29.888,83,75,2.88,GA,1675316251
125,atuona,-9.8,-139.0333,29.923000000000002,80,95,8.47,PF,1675316252
126,cayenne,4.9333,-52.3333,29.517000000000003,100,100,1.54,GF,1675316252
127,kalmunai,7.4167,81.8167,30.052,79,92,4.78,LK,1675316253
128,bengkulu,-3.8004,102.2655,30.256,66,98,4.61,ID,1675316253
129,margate,51.3813,1.3862,27.975,81,86,1.79,GB,1675316210
130,pangody,65.85,74.4859,25.983999999999998,97,81,4.31,RU,1675316254
131,holme,56.1138,10.1725,27.325000000000003,89,12,3.3,DK,1675316254
132,cabo san lucas,22.8909,-109.9124,29.177,72,36,3.86,MX,1675316254
133,santiago,-33.4569,-70.6483,29.695999999999998,43,0,1.54,CL,1675316255
134,kingsville,27.5159,-97.8561,27.629000000000005,99,100,5.14,US,1675316255
135,shikhazany,55.5605,47.393,26.324,87,96,4.43,RU,1675316255
136,ossora,59.2353,163.0719,26.182000000000002,84,99,2.97,RU,1675316256
137,vostok,46.4856,135.8833,25.672000000000004,91,100,5.45,RU,1675316256
138,tuktoyaktuk,69.4541,-133.0374,23.615000000000002,74,75,1.03,CA,1675316256
139,padang,-0.9492,100.3543,30.418000000000003,62,82,3.1,ID,1675316257
140,saint-georges,12.0564,-61.7485,29.597000000000005,83,20,1.03,GD,1675315970
141,garden city,42.3256,-83.331,26.612000000000002,70,40,4.12,US,1675316257
142,luziania,-16.2525,-47.9503,29.198000000000004,87,99,1.99,BR,1675316258
143,san patricio,28.017,-97.5169,27.708,90,100,4.43,US,1675316258
144,hambantota,6.1241,81.1185,29.933999999999997,100,40,1.54,LK,1675316258
145,san quintin,30.4833,-115.95,28.598000000000003,63,0,0.96,MX,1675316259
146,odienne,9.51,-7.5692,29.391000000000005,19,65,0.71,CI,1675316259
147,bathsheba,13.2167,-59.5167,29.849000000000004,69,40,6.17,BB,1675316260
148,sisimiut,66.9395,-53.6735,25.269000000000002,96,100,1.76,GL,1675316261
149,bowen,-20.0167,148.2333,30.320999999999998,74,77,7.59,AU,1675316188
150,kavaratti,10.5669,72.642,30.019000000000002,73,91,4.05,IN,1675316261
151,hasaki,35.7333,140.8333,28.331000000000003,36,100,5.12,JP,1675316261
152,mukhen,48.1,136.1,25.736000000000004,76,97,3.83,RU,1675316262
153,saint george,37.1041,-113.5841,27.607,50,0,1.54,US,1675316262
154,mount isa,-20.7333,139.5,30.201999999999998,48,100,2.57,AU,1675316572
155,carnarvon,-24.8667,113.6333,30.320999999999998,62,41,7.87,AU,1675316572
156,tecoanapa,16.5167,-98.75,29.606,69,0,2.09,MX,1675316572
157,vila franca do campo,37.7167,-25.4333,28.538,85,97,3.6,PT,1675316266
158,chodavaram,17.8333,82.95,30.106,21,60,3.83,IN,1675316266
159,karpogory,64.0019,44.4451,26.142000000000003,97,86,2.38,RU,1675316267
160,horsham,51.064,-0.3272,28.051000000000002,87,0,3.6,GB,1675316267
161,bara,10.3744,10.7288,29.183999999999997,29,26,2.88,NG,1675316267
162,lufilufi,-13.8745,-171.5986,29.703,74,100,7.03,WS,1675316268
163,kodiak,57.79,-152.4072,27.288,80,100,2.57,US,1675316268
164,yangambi,0.8102,24.4336,29.439999999999998,78,89,1.47,CD,1675316268
165,kununurra,-15.7667,128.7333,30.614,58,43,5.66,AU,1675316269
166,meulaboh,4.1363,96.1285,30.243000000000002,63,86,1.92,ID,1675316269
167,road town,18.4167,-64.6167,29.72,75,0,7.92,VG,1675316269
168,cabedelo,-6.9811,-34.8339,29.951999999999998,80,28,3.84,BR,1675316270
169,greenville,35.6127,-77.3663,27.824,94,100,0.0,US,1675316270
170,gamba,-2.65,10.0,29.779000000000003,87,31,1.13,GA,1675316270
171,mbini,1.574,9.6134,29.829000000000004,89,36,1.93,GQ,1675316270
172,aras,42.5617,-2.356,27.239,86,0,3.6,ES,1675316271
173,lata,40.1629,-8.3327,27.637,87,0,1.94,PT,1675316271
174,rio grande,-32.035,-52.0986,29.614,86,11,3.27,BR,1675316271
175,kholodnyy,62.7167,147.95,24.598,100,99,0.31,RU,1675316272
176,hilo,19.7297,-155.09,29.831000000000003,89,100,1.54,US,1675316272
177,caravelas,-17.7125,-39.2481,29.592000000000002,89,65,1.89,BR,1675316272
178,buchanan,5.8808,-10.0467,29.805000000000003,92,11,0.98,LR,1675316273
179,thompson,55.7435,-97.8558,24.224000000000004,57,20,7.2,CA,1675316273
180,havre-saint-pierre,50.2334,-63.5986,26.115,84,75,2.06,CA,1675316273
181,alyangula,-13.8483,136.4192,30.372000000000003,66,100,1.38,AU,1675316274
182,taltal,-25.4,-70.4833,29.338,84,47,0.61,CL,1675316274
183,tanda,26.55,82.65,29.439,40,0,4.16,IN,1675316274
184,kirakira,-10.4544,161.9205,30.108999999999998,82,89,2.32,SB,1675316275
185,the pas,53.8251,-101.2541,24.616,63,0,7.2,CA,1675316275
186,cascavel,-24.9558,-53.4553,29.122000000000003,98,12,2.09,BR,1675316026
187,tarakan,3.3,117.6333,30.187,84,40,1.54,ID,1675316008
188,oruro,-17.9833,-67.15,28.154000000000003,73,45,4.77,BO,1675316221
189,kuldur,49.2167,131.6333,25.5,82,44,4.62,RU,1675316276
190,naples,40.8333,14.25,28.357,79,0,1.54,IT,1675316029
191,hirara,24.8,125.2833,29.430000000000003,78,75,6.69,JP,1675316276
192,sola,-13.8833,167.55,30.118000000000002,70,41,1.2,VU,1675316277
193,nanortalik,60.1432,-45.2371,26.425,84,89,4.96,GL,1675316278
194,avarua,-21.2078,-159.775,29.518,100,40,0.51,CK,1675316278
195,gorele,41.0308,39.0031,27.743000000000002,88,100,3.13,TR,1675316278
196,kruisfontein,-34.0033,24.7314,29.031000000000002,49,71,1.67,ZA,1675316278
197,nouadhibou,20.931,-17.0347,28.814,88,96,6.69,MR,1675316279
198,jiazi,22.8779,116.067,29.223000000000003,69,87,9.47,CN,1675316279
199,ahipara,-35.1667,173.1667,29.6,77,100,2.97,NZ,1675316279
200,olafsvik,64.8945,-23.7142,27.176000000000002,94,100,12.44,IS,1675316280
201,port blair,11.6667,92.75,30.317000000000004,70,40,4.12,IN,1675316280
202,nizhniy kuranakh,58.8353,125.4869,25.585,93,100,4.29,RU,1675316280
203,barrington,41.7407,-71.3087,27.124000000000002,58,0,1.54,US,1675316281
204,hobyo,5.3505,48.5268,29.939999999999998,58,37,8.05,SO,1675316019
205,ambilobe,-13.2,49.05,29.976,83,99,0.74,MG,1675316281
206,severo-kurilsk,50.6789,156.125,26.939,73,72,7.85,RU,1675316281
207,parrita,9.5201,-84.3225,29.62,65,19,2.17,CR,1675316282
208,katangli,51.7102,143.2326,25.244,89,80,4.46,RU,1675316282
209,sistranda,63.7256,8.834,27.413,58,99,6.63,NO,1675316283
210,taoudenni,22.6783,-3.9836,28.489,23,82,5.54,ML,1675316283
211,dolinsk,47.35,142.8,26.076999999999998,86,100,3.09,RU,1675316284
212,tilichiki,60.4667,166.1,25.763,98,99,2.72,RU,1675316285
213,marsala,37.7966,12.4352,28.367000000000004,87,75,1.03,IT,1675316285
214,lima,-12.0432,-77.0282,29.808999999999997,77,100,6.17,PE,1675316100
215,abdulino,53.7,53.6667,25.980000000000004,91,92,2.28,RU,1675316286
216,brigantine,39.4101,-74.3646,27.314999999999998,71,0,2.06,US,1675316090
217,novo aripuana,-5.1206,-60.3797,29.506,97,59,1.08,BR,1675316286
218,flin flon,54.7682,-101.865,24.497,89,100,4.89,CA,1675316286
219,norman wells,65.282,-126.8329,23.317,67,20,0.0,CA,1675316287
220,nome,64.5011,-165.4064,26.619,100,100,3.6,US,1675316287
221,gat,31.61,34.7642,28.352999999999998,100,96,6.64,IL,1675316287
222,port hedland,-20.3167,118.5667,30.505000000000003,60,2,5.32,AU,1675316288
223,sao lourenco do oeste,-26.3592,-52.8511,29.189999999999998,90,76,1.22,BR,1675316288
224,vilhena,-12.7406,-60.1458,29.281000000000002,97,96,1.19,BR,1675316289
225,naze,28.3667,129.4833,28.966000000000005,72,96,6.06,JP,1675316289
226,biak,-0.9131,122.8766,30.235000000000003,62,95,3.67,ID,1675316289
227,half moon bay,37.4636,-122.4286,28.371,65,0,1.54,US,1675316029
228,labatlan,47.7473,18.4962,27.566000000000003,88,98,5.74,HU,1675316290
229,upernavik,72.7868,-56.1549,24.644000000000002,87,90,2.16,GL,1675316290
230,jacareacanga,-6.2222,-57.7528,29.518,99,100,0.76,BR,1675316291
231,qasigiannguit,68.8193,-51.1922,26.229000000000003,79,55,1.66,GL,1675316291
232,nokaneng,-19.6667,22.2667,29.569000000000003,74,82,2.15,BW,1675316291
233,maniitsoq,65.4167,-52.9,25.666000000000004,79,20,4.42,GL,1675316291
234,tornio,65.8481,24.1466,26.816000000000003,90,100,4.83,FI,1675316292
235,suntar,62.1444,117.6319,25.379,93,100,2.72,RU,1675316292
236,kaputa,-8.4689,29.6619,29.413,81,8,0.73,ZM,1675316293
237,caborca,30.5838,-111.101,28.238,72,9,1.31,MX,1675316293
238,tibu,8.639,-72.7358,29.448000000000004,72,35,1.09,CO,1675316293
239,northam,51.0333,-4.2167,28.238,94,58,7.36,GB,1675316293
240,tommot,58.9564,126.2925,25.599000000000004,93,100,4.59,RU,1675316294
241,tanout,14.9709,8.8879,28.906000000000002,17,58,6.21,NE,1675316294
242,luderitz,-26.6481,15.1594,29.174000000000003,69,23,7.58,NA,1675316295
243,east london,-33.0153,27.9116,29.567000000000004,73,0,3.09,ZA,1675316295
244,guanica,17.9716,-66.908,29.659,81,2,2.19,PR,1675316050
245,pafos,34.7667,32.4167,28.272000000000006,57,20,3.09,CY,1675316164
246,santa cruz del sur,20.7147,-77.9956,29.534,83,6,5.61,CU,1675316296
247,tyukhtet,56.5389,89.3011,26.152,88,55,1.06,RU,1675316296
248,tubuala,9.5167,-79.0333,29.861000000000004,81,73,8.65,PA,1675316297
249,tuam,53.5167,-8.85,28.216000000000005,85,99,8.12,IE,1675316297
250,torbay,47.6666,-52.7314,26.274,82,40,0.0,CA,1675316146
251,hervey bay,-25.2986,152.8535,30.119,76,49,2.15,AU,1675316297
252,belaya gora,68.5333,146.4167,24.561000000000003,100,96,1.32,RU,1675316298
253,kosh-agach,50.0,88.6667,25.662000000000003,79,16,0.76,RU,1675316298
254,necochea,-38.5473,-58.7368,29.131,81,93,2.78,AR,1675316298
255,clyde river,70.4692,-68.5914,23.828000000000003,68,0,6.69,CA,1675316299
256,vanimo,-2.6741,141.3028,30.255000000000003,65,65,2.58,PG,1675316299
257,katherine,-14.4667,132.2667,30.633,55,75,6.69,AU,1675316299
258,ribeira grande,38.5167,-28.7,28.580000000000002,80,15,1.34,PT,1675316300
259,pa daet,19.5049,99.9924,30.436000000000003,22,1,0.97,TH,1675316300
260,mount gambier,-37.8333,140.7667,28.866000000000003,53,72,8.12,AU,1675316300
261,san cristobal,7.7669,-72.225,29.125,85,15,0.91,VE,1675316301
262,altay,47.8667,88.1167,26.867000000000004,69,11,0.34,CN,1675316301
263,guiyang,26.5833,106.7167,27.942000000000004,100,100,4.0,CN,1675316301
264,lanivtsi,49.8633,26.0908,27.301000000000002,96,100,3.95,UA,1675316301
265,mindelo,16.8901,-24.9804,29.39,64,75,9.26,CV,1675316302
266,koungheul,13.9833,-14.8,29.349000000000004,12,6,3.39,SN,1675316302
267,manaus,-3.1019,-60.025,29.942000000000004,83,0,3.6,BR,1675316228
268,presidente epitacio,-21.7633,-52.1156,29.610000000000003,92,99,1.3,BR,1675316303
269,yar-sale,66.8333,70.8333,25.807000000000002,96,83,4.22,RU,1675316303
270,talcahuano,-36.7167,-73.1167,28.597000000000005,71,0,4.63,CL,1675316303
271,ostrovnoy,68.0531,39.5131,26.474000000000004,91,49,9.68,RU,1675316304
272,umm kaddadah,13.6017,26.6876,28.951999999999998,24,4,9.01,SD,1675316304
273,dudinka,69.4058,86.1778,26.072000000000003,95,100,5.49,RU,1675316304
274,narsaq,60.9167,-46.05,26.527,88,97,1.57,GL,1675316305
275,bang saphan,11.2126,99.5117,30.439,43,55,3.34,TH,1675316305
276,zuwarah,32.9312,12.082,28.365,67,28,2.02,LY,1675316306
277,fortuna,40.5982,-124.1573,28.144000000000002,71,0,3.6,US,1675316306
278,hovd,48.0056,91.6419,25.982,69,84,1.53,MN,1675316030
279,fort saint james,54.4333,-124.25,26.323000000000004,96,100,1.04,CA,1675316307
280,bonavista,48.6499,-53.1147,26.412000000000003,66,62,4.63,CA,1675316307
281,traverse city,44.7631,-85.6206,27.026,74,100,2.06,US,1675316307
282,chany,55.3121,76.7647,25.779000000000003,86,5,0.76,RU,1675316308
283,strelka,58.0728,93.0344,25.830000000000002,94,99,1.27,RU,1675316308
284,coihueco,-36.6167,-71.8333,28.753,37,0,2.73,CL,1675316308
285,merrill,45.1805,-89.6835,26.312,72,40,0.0,US,1675316074
286,geraldton,-28.7667,114.6,31.238,24,14,8.75,AU,1675316309
287,carutapera,-1.195,-46.02,29.623000000000005,98,100,2.2,BR,1675316309
288,kargala,56.6208,83.9607,26.091000000000005,87,39,0.85,RU,1675316310
289,ponta do sol,32.6667,-17.1,28.950000000000003,66,81,4.54,PT,1675316310
290,nisia floresta,-6.0911,-35.2086,29.936000000000003,85,77,2.56,BR,1675316310
291,lockhart,28.6194,-81.4426,29.366000000000003,92,23,1.44,US,1675316311
292,esperance,-33.8667,121.9,29.291000000000004,71,98,5.81,AU,1675316311
293,mollendo,-17.0231,-72.0147,29.582,88,94,1.78,PE,1675316311
294,tocopilla,-22.092,-70.1979,29.508,83,59,0.61,CL,1675316312
295,rawson,-43.3002,-65.1023,29.121,78,16,8.45,AR,1675316312
296,nikolskoye,59.7035,30.7861,27.209,95,100,2.64,RU,1675316312
297,guozhen,34.3659,107.359,28.130000000000003,27,100,2.22,CN,1675316313
298,curup,-3.4667,102.5333,30.183,52,97,2.06,ID,1675316313
299,kathmandu,27.7167,85.3167,29.195,45,20,1.54,NP,1675316478
300,coquimbo,-29.9533,-71.3436,28.900000000000002,100,0,0.51,CL,1675316313
301,rio gallegos,-51.6226,-69.2181,28.818,63,0,3.09,AR,1675316314
302,brechin,56.7299,-2.6573,27.945999999999998,95,100,2.22,GB,1675316314
303,vardo,70.3705,31.1107,27.114,74,40,5.14,NO,1675316314
304,talca,-35.4333,-71.6667,28.878,43,0,2.47,CL,1675316315
305,nantucket,41.2835,-70.0995,27.101,76,0,0.0,US,1675316315
306,mugur-aksy,50.35,90.5,26.425,51,66,1.24,RU,1675316315
307,toora-khem,52.4675,96.11,26.049000000000003,87,89,0.64,RU,1675316316
308,shakhtinsk,49.71,72.5872,26.225,92,44,4.88,KZ,1675316316
309,kolpashevo,58.3131,82.9089,25.994,89,48,2.41,RU,1675316316
310,champoton,19.35,-90.7167,29.536,75,39,3.47,MX,1675316317
311,weymouth,42.2209,-70.9398,26.913,63,0,0.89,US,1675316317
312,solntsevo,51.4185,36.7499,27.088,91,82,4.74,RU,1675316318
313,komsomolskiy,40.4272,71.7189,27.755000000000003,60,100,3.09,UZ,1675316318
314,hayden,47.766,-116.7866,27.146,86,75,2.57,US,1675316318
315,vytegra,61.0064,36.4481,26.473000000000003,95,93,3.04,RU,1675316318
316,makakilo city,21.3469,-158.0858,29.833,75,75,2.06,US,1675316319
317,altdorf,49.3875,11.3572,27.637,98,100,7.2,DE,1675316319
318,westport,41.1415,-73.3579,27.245,55,0,1.54,US,1675316109
319,sabang,5.8933,95.3214,30.074,73,97,5.69,ID,1675316320
320,viedma,-40.8135,-62.9967,29.07,80,52,3.47,AR,1675316320
321,luganville,-15.5333,167.1667,30.183,76,54,1.84,VU,1675316320
322,pauini,-7.7136,-66.9764,29.523000000000003,100,99,1.0,BR,1675316321
323,houma,29.5958,-90.7195,28.759,93,100,4.12,US,1675316202
324,saint-francois,46.4154,3.9054,27.584,93,0,0.51,FR,1675316321
325,tiznit,29.5833,-9.5,28.139,38,0,1.53,MA,1675316321
326,touros,-5.1989,-35.4608,29.900000000000002,77,100,4.21,BR,1675316063
327,manono,-7.3,27.4167,29.475,87,29,0.58,CD,1675316322
328,lasa,46.6166,10.7002,27.664,93,56,3.44,IT,1675316322
329,andros town,24.7,-77.7667,29.513,78,15,5.18,BS,1675316322
330,tezu,27.9167,96.1667,30.187,16,0,1.85,IN,1675316323
331,san policarpo,12.1791,125.5072,30.044,82,32,6.45,PH,1675316323
332,moose factory,51.2585,-80.6094,25.014,84,100,3.6,CA,1675316323
333,wuppertal,51.2667,7.1833,28.035000000000004,94,100,5.99,DE,1675316324
334,hofn,64.2539,-15.2082,27.229000000000003,80,97,7.05,IS,1675316324
335,izmalkovo,52.6887,37.964,26.876,93,93,3.72,RU,1675316325
336,ngama,11.7833,17.1667,29.35,24,4,5.08,TD,1675316325
337,roros,62.5747,11.3842,25.806,85,75,0.0,NO,1675316325
338,dingle,10.9995,122.6711,30.166000000000004,72,51,6.99,PH,1675316326
339,lavrentiya,65.5833,-171.0,25.915,96,100,3.54,RU,1675316326
340,anori,-3.7728,-61.6442,29.535000000000004,97,37,1.13,BR,1675316326
341,luena,-11.7833,19.9167,29.031000000000002,94,97,0.44,AO,1675316327
342,santa maria,-29.6842,-53.8069,29.554000000000002,84,3,3.44,BR,1675316232
343,manta,-0.95,-80.7333,29.903,83,40,2.57,EC,1675316327
344,hazorasp,41.3194,61.0742,27.506,90,100,8.92,UZ,1675316327
345,tombouctou,20.0,-3.0,28.697000000000003,18,78,4.59,ML,1675316328
346,mae ramat,16.984,98.5166,30.693,22,45,1.35,TH,1675316328
347,turayf,31.6725,38.6637,27.729000000000003,87,40,6.17,SA,1675316329
348,gatton,-27.55,152.2833,30.367000000000004,53,99,2.14,AU,1675316329
349,beringovskiy,63.05,179.3167,26.735000000000003,96,100,4.83,RU,1675316329
350,morristown,36.214,-83.2949,27.776,88,100,2.06,US,1675316039
351,khategaon,22.6,76.9167,29.639,18,65,2.95,IN,1675316330
352,trelew,-43.249,-65.3051,29.150000000000002,75,18,7.09,AR,1675316330
353,chipinge,-20.1883,32.6236,29.558999999999997,65,40,1.17,ZW,1675316330
354,vanino,49.0869,140.2543,25.953,79,94,2.22,RU,1675316330
355,miles city,46.4083,-105.8406,27.269000000000002,69,100,6.69,US,1675316331
356,belmonte,-15.8631,-38.8828,29.701,84,12,2.35,BR,1675316331
357,olot,42.181,2.4901,27.779000000000003,31,0,1.99,ES,1675316331
358,kotovo,50.3211,44.8012,26.908,90,100,3.34,RU,1675316332
359,abeche,13.8292,20.8324,29.380000000000003,21,37,5.63,TD,1675316333
360,skeldon,5.8833,-57.1333,29.548000000000002,95,51,1.73,GY,1675316333
361,lagoa,39.05,-27.9833,28.693,71,3,4.73,PT,1675316334
362,petropavlovsk-kamchatskiy,53.0452,158.6483,26.248000000000005,57,0,2.0,RU,1675316334
363,camacha,33.0833,-16.3333,28.683,63,40,5.14,PT,1675316334
364,kulhudhuffushi,6.6221,73.07,29.964,72,84,4.79,MV,1675316335
365,bayan,46.0833,127.4,26.098000000000003,72,6,4.7,CN,1675316335
366,goundi,9.3627,17.366,29.648000000000003,22,1,2.0,TD,1675316335
367,gisborne,-38.6533,178.0042,29.472000000000005,85,89,2.0,NZ,1675316336
368,whitehorse,60.7161,-135.0538,26.258,67,75,5.66,CA,1675316119
369,los llanos de aridane,28.6585,-17.9182,28.501,67,0,4.63,ES,1675316336
370,vao,-22.6667,167.4833,30.014,75,64,3.65,NC,1675316337
371,okhotsk,59.3833,143.3,25.507,88,100,5.49,RU,1675316337
372,saldanha,-33.0117,17.9442,28.818,82,0,6.46,ZA,1675316337
373,kabo,7.6994,18.629,29.659,20,5,1.07,CF,1675316338
374,asau,46.4333,26.4,27.066000000000003,85,99,3.36,RO,1675316338
375,farkhor,37.4922,69.4036,28.462000000000003,62,100,0.8,TJ,1675316339
376,monteagudo,-19.8167,-63.9833,29.154000000000003,66,68,1.14,BO,1675316339
377,bucerias,20.75,-105.3333,29.414,88,40,0.0,MX,1675316073
378,tygda,53.1167,126.3333,25.913,73,13,3.5,RU,1675316339
379,la suiza,9.8524,-83.6133,29.211000000000002,87,16,1.38,CR,1675316340
380,namibe,-15.1961,12.1522,29.570999999999998,77,100,2.04,AO,1675316340
381,airai,-8.9266,125.4092,29.449,80,93,2.04,TL,1675316340
382,dunedin,-45.8742,170.5036,29.471,85,99,0.89,NZ,1675316340
383,baruun-urt,46.6806,113.2792,25.99,71,2,3.4,MN,1675316341
384,inhambane,-23.865,35.3833,30.029000000000003,60,11,3.47,MZ,1675316341
385,waki,34.0667,134.15,28.260000000000005,55,62,3.17,JP,1675316342
386,bethel,41.3712,-73.414,27.064,66,0,0.0,US,1675316203
387,svoge,42.9667,23.35,27.354000000000003,87,68,1.91,BG,1675316342
388,buala,-8.145,159.5921,30.102999999999998,79,98,2.98,SB,1675316343
389,havoysund,70.9963,24.6622,27.028,73,100,1.6,NO,1675316343
390,sinnamary,5.3833,-52.95,29.665,91,91,1.93,GF,1675316343
391,el alto,-4.2714,-81.2147,29.679000000000002,79,93,2.69,PE,1675316344
392,teahupoo,-17.8333,-149.2667,29.913,70,32,8.95,PF,1675316344
393,korla,41.7597,86.1469,27.022000000000006,55,7,1.06,CN,1675316345
394,usinsk,65.9939,57.5281,26.713,94,99,7.4,RU,1675316345
395,quartucciu,39.2519,9.1794,28.426000000000002,73,40,1.54,IT,1675316345
396,vangaindrano,-23.35,47.6,29.732,86,100,2.66,MG,1675316346
397,camocim,-2.9022,-40.8411,29.759,90,100,3.6,BR,1675316346
398,chengde,40.9725,117.9361,26.958,25,100,0.97,CN,1675316346
399,port lincoln,-34.7333,135.8667,29.010000000000005,63,79,11.47,AU,1675316347
400,atar,20.5169,-13.0499,29.037000000000003,13,100,2.62,MR,1675316347
401,gondar,12.6,37.4667,29.204000000000004,25,95,2.0,ET,1675316347
402,otjimbingwe,-22.35,16.1333,29.523000000000003,41,84,0.85,NA,1675316348
403,ustka,54.5805,16.8619,27.629000000000005,90,100,8.98,PL,1675316348
404,santa fe,-31.6333,-60.7,29.816000000000003,70,44,3.58,AR,1675316348
405,nynashamn,58.9034,17.9479,27.099000000000004,71,96,6.61,SE,1675316075
406,mikun,62.3547,50.0771,26.797000000000004,97,98,2.15,RU,1675316349
407,mao,39.8885,4.2658,28.246,76,20,3.09,ES,1675316349
408,ginda,30.6945,78.4932,29.063000000000002,12,96,2.24,IN,1675316349
409,portsmouth,50.799,-1.0913,28.146,88,25,4.92,GB,1675316350
410,gimli,50.6336,-96.9907,25.216,54,100,7.72,CA,1675316224
411,beloha,-25.1667,45.05,29.938000000000002,64,59,5.86,MG,1675316350
412,bakchar,57.0186,82.0711,26.12,84,11,1.44,RU,1675316351
413,tual,-5.6667,132.75,30.186000000000003,74,87,5.26,ID,1675316351
414,pamfila,39.1567,26.5217,27.999000000000002,76,20,3.09,GR,1675316351
415,kieta,-6.2167,155.6333,30.177999999999997,74,90,3.64,PG,1675316352
416,broome,42.2506,-75.833,26.593000000000004,74,0,2.57,US,1675316352
417,srandakan,-7.9386,110.2506,30.088,70,100,1.27,ID,1675316352
418,lorengau,-2.0226,147.2712,30.237000000000002,66,82,2.45,PG,1675316353
419,seoul,37.5683,126.9778,27.581000000000003,33,0,3.09,KR,1675316090
420,kaitangata,-46.2817,169.8464,29.633,63,93,1.84,NZ,1675316353
421,machali,-34.1833,-70.6667,29.195,36,0,1.65,CL,1675316354
422,brooks,50.5834,-111.8851,25.614,79,100,2.06,CA,1675316354
423,zhigansk,66.7697,123.3711,24.104,96,100,7.24,RU,1675316354
424,sembe,1.6481,14.5806,29.495,83,21,1.02,CG,1675316355
425,ayan,56.45,138.1667,25.212000000000003,67,87,3.21,RU,1675316355
426,marystown,47.1666,-55.1483,26.443,74,65,2.39,CA,1675316283
427,robertsport,6.7533,-11.3686,29.805000000000003,92,7,1.16,LR,1675316355
428,hokitika,-42.7167,170.9667,29.110000000000003,93,100,6.62,NZ,1675316356
429,ambon,-3.6954,128.1814,30.523000000000003,62,20,5.14,ID,1675316356
430,dehloran,32.6941,47.2679,28.654000000000003,54,0,1.89,IR,1675316356
431,parry sound,45.3501,-80.033,26.918000000000003,93,100,3.42,CA,1675316357
432,svetlaya,46.5389,138.3297,26.379000000000005,46,59,3.84,RU,1675316357
433,zhangjiakou,40.81,114.8794,26.897000000000006,18,100,0.52,CN,1675316358
434,wanaka,-44.7,169.15,29.151,85,100,2.97,NZ,1675316358
435,lincoln,40.8,-96.667,27.052999999999997,70,0,2.57,US,1675316284
436,volot,57.9278,30.7025,27.007,97,100,2.74,RU,1675316358
437,boa vista,2.8197,-60.6733,29.814,69,0,6.17,BR,1675316359
438,sitka,57.0531,-135.33,27.909,61,100,5.14,US,1675316359
439,saint-augustin,51.226,-58.6502,25.001,94,76,1.83,CA,1675316359
440,sala consilina,40.3912,15.5989,27.650000000000002,88,33,0.51,IT,1675316360
441,chudniv,50.052,28.1175,27.279000000000003,92,100,3.25,UA,1675316360
442,kurbnesh,41.7797,20.0836,27.332,76,66,1.23,AL,1675316360
443,anuradhapura,8.3565,80.4173,29.614,93,100,5.36,LK,1675316361
444,puerto penasco,31.3167,-113.5333,28.828,48,1,4.53,MX,1675316361
445,uren,57.4552,45.7852,26.683,95,100,3.29,RU,1675316361
446,pringsewu,-5.3582,104.9744,30.212000000000003,75,100,0.49,ID,1675316362
447,wagga wagga,-35.1167,147.3667,29.960000000000004,44,50,2.68,AU,1675316362
448,borba,-4.3878,-59.5939,29.498000000000005,97,61,1.24,BR,1675316362
449,yulara,-25.2406,130.9889,30.495,22,0,10.25,AU,1675316363
450,kudahuvadhoo,2.6708,72.8944,30.006,63,29,5.37,MV,1675316363
451,kropotkin,45.4375,40.5756,27.465,91,100,1.99,RU,1675316187
452,ust-kulom,61.6864,53.6902,26.605000000000004,95,98,3.05,RU,1675316363
453,xining,36.6167,101.7667,28.012,12,22,8.16,CN,1675316364
454,porto de moz,-1.7483,-52.2383,29.455000000000002,99,99,0.96,BR,1675316364
455,siavonga,-16.5382,28.7088,29.685000000000002,84,86,2.16,ZM,1675316364
456,kentau,43.5206,68.5094,27.551000000000002,99,100,2.82,KZ,1675316365
457,belyy yar,53.6039,91.3903,25.585,85,75,1.0,RU,1675316365
458,ovsyanka,55.9575,92.5519,25.969,84,60,0.97,RU,1675316365
459,wenatchee,47.4235,-120.3103,27.136000000000003,80,0,0.0,US,1675316366
460,chaohu,31.6,117.8667,28.015,42,86,5.05,CN,1675316366
461,dyurtyuli,55.4911,54.8688,26.371,85,100,3.49,RU,1675316366
462,tulun,54.5611,100.5792,26.409,88,100,1.22,RU,1675316367
463,jinchang,38.4953,102.1739,27.563000000000002,22,74,2.13,CN,1675316367
464,raudeberg,61.9875,5.1352,27.201,74,18,3.41,NO,1675316368
465,roma,43.2128,-75.4557,26.78,70,40,0.45,US,1675316368
466,lucea,18.451,-78.1736,29.807000000000002,79,35,8.19,JM,1675316368
467,storforshei,66.4043,14.5233,25.907,84,0,0.0,NO,1675316369
468,tecpan,14.7623,-90.9947,28.198000000000004,97,41,2.5,GT,1675316369
469,nanakuli,21.3906,-158.1547,29.912000000000003,69,75,2.06,US,1675316369
470,evanston,42.0411,-87.6901,26.932000000000002,67,20,5.14,US,1675316080
471,vanavara,60.34,102.2797,25.760000000000005,91,94,3.24,RU,1675316370
472,faya,18.3851,42.4509,28.544,65,23,2.69,SA,1675316370
473,mareeba,-17.0,145.4333,30.155,73,98,2.5,AU,1675316370
474,pingliang,35.5392,106.6861,27.78,31,89,2.25,CN,1675316371
475,noyabrsk,63.1994,75.4507,26.282,95,92,5.45,RU,1675316371
476,starokamyshinsk,55.0554,61.6031,25.525000000000002,85,99,3.25,RU,1675316371
477,santa catarina de tepehuanes,25.35,-105.7333,28.287000000000003,76,7,10.89,MX,1675316372
478,mae hong son,19.3003,97.9685,30.023000000000003,57,20,1.54,TH,1675316372
479,walvis bay,-22.9575,14.5053,29.098000000000003,82,100,4.12,NA,1675316373
480,russell,32.3502,-85.1999,28.672000000000004,94,100,1.54,US,1675316373
481,tumaco,1.7986,-78.8156,29.717000000000002,89,77,1.13,CO,1675316373
482,matagami,49.7502,-77.6328,24.621000000000002,83,0,2.06,CA,1675316374
483,alberton,46.8168,-64.0654,26.610000000000003,82,67,4.96,CA,1675316374
484,boende,-0.2167,20.8667,29.611000000000004,87,99,1.53,CD,1675316374
485,matamoros,25.5333,-103.25,28.932000000000002,51,11,0.33,MX,1675316375
486,grand falls,47.0461,-67.7418,25.638,100,95,1.86,CA,1675316240
487,mahebourg,-20.4081,57.7,30.273000000000003,74,40,2.57,MU,1675316375
488,taywarah,33.35,64.4167,27.135000000000005,96,96,1.45,AF,1675316376
489,orlik,52.5178,99.825,25.966000000000005,73,23,0.26,RU,1675316376
490,yanam,16.7333,82.2167,30.262,41,78,3.95,IN,1675316376
491,englewood,39.6478,-104.9878,27.266000000000005,62,0,4.63,US,1675316377
492,tuatapere,-46.1333,167.6833,29.456000000000003,69,100,1.35,NZ,1675316377
493,moron,-34.6534,-58.6198,29.813000000000002,75,100,2.79,AR,1675316378
494,puerto quijarro,-17.7833,-57.7667,29.579000000000004,95,68,0.81,BO,1675316378
495,prince rupert,54.3161,-130.3201,27.898000000000003,92,100,13.89,CA,1675316370
496,ixtlahuacan del rio,20.8667,-103.25,28.907,61,98,1.56,MX,1675316378
497,bow island,49.8668,-111.3684,25.874000000000002,85,100,3.09,CA,1675316379
498,asfi,32.2994,-9.2372,28.404000000000003,75,1,4.54,MA,1675316379
499,yilan,24.757,121.753,29.335000000000004,99,100,1.78,TW,1675316379
500,tirumullaivasal,11.2333,79.8333,29.748000000000005,89,100,5.96,IN,1675316380
501,gusinoye ozero,51.1144,106.2614,26.108999999999998,79,71,1.95,RU,1675316380
502,whitehaven,54.549,-3.5841,28.195999999999998,100,92,1.34,GB,1675316380
503,kozhva,65.1073,57.0459,26.543000000000003,94,81,3.65,RU,1675316380
504,leh,34.1667,77.5833,26.486000000000004,56,96,0.61,IN,1675316381
505,abu dhabi,24.4667,54.3667,29.535000000000004,65,0,6.17,AE,1675316381
506,saurimo,-9.6608,20.3916,29.225,92,100,0.72,AO,1675316382
507,lethem,3.3803,-59.7968,29.755000000000003,73,21,5.71,GY,1675316382
508,svetlyy,54.675,20.1347,27.518,97,100,5.94,RU,1675316382
509,niteroi,-22.8833,-43.1036,29.894000000000002,83,100,3.6,BR,1675316097
510,glens falls,43.3095,-73.644,26.767000000000003,70,100,4.63,US,1675316153
511,codrington,-38.2667,141.9667,28.841000000000005,57,86,11.97,AU,1675316383
512,praia,14.9215,-23.5087,29.345,73,20,8.23,CV,1675316383
513,xai-xai,-25.0519,33.6442,29.972000000000005,64,77,2.64,MZ,1675316384
514,manjeshwar,12.7194,74.8861,30.468000000000004,38,89,2.97,IN,1675316384
515,otacilio costa,-27.4831,-50.1219,29.088,99,93,0.92,BR,1675316384
516,methoni,36.8197,21.7049,27.994,67,3,6.0,GR,1675316385
517,bosaso,11.2842,49.1816,29.814,73,20,4.12,SO,1675316385
518,marataizes,-21.0433,-40.8244,29.605000000000004,86,94,3.3,BR,1675316222
519,angoche,-16.2325,39.9086,30.092000000000002,76,94,1.61,MZ,1675316385
520,gabaldon,15.4522,121.3387,30.188000000000002,67,56,3.56,PH,1675316386
521,arman,59.7,150.1667,26.427,93,99,1.71,RU,1675316386
522,kuusamo,65.9667,29.1833,26.717000000000002,93,100,1.54,FI,1675316386
523,nakhon nayok,14.1667,101.1,30.930000000000003,29,50,0.89,TH,1675316387
524,hualmay,-11.0964,-77.6139,29.483,84,100,3.09,PE,1675316387
525,pathein,16.7833,94.7333,30.757,27,16,1.21,MM,1675316387
526,olga,43.7444,135.2892,26.593000000000004,46,51,4.58,RU,1675316388
527,hede,33.7681,120.2517,27.781000000000002,42,98,5.18,CN,1675316388
528,melbu,68.5044,14.8297,27.302999999999997,93,0,4.63,NO,1675316388
529,sapouy,11.5544,-1.7736,29.463,11,45,3.05,BF,1675316389
530,potchefstroom,-26.7167,27.1,29.377,75,49,3.54,ZA,1675316389
531,mamou,10.5,-12.0,29.27,26,12,0.33,GN,1675316389
532,gizo,-8.103,156.8419,30.176000000000002,76,100,4.56,SB,1675316390
533,porto empedocle,37.2934,13.5264,28.430000000000003,87,98,2.94,IT,1675316390
534,fort nelson,58.8053,-122.7002,24.792,70,20,1.03,CA,1675316390
535,kahului,20.8947,-156.47,29.751,85,20,3.6,US,1675316169
536,ibra,22.6906,58.5334,29.365,49,0,1.48,OM,1675316391
537,nabire,-3.3667,135.4833,30.189,71,76,2.6,ID,1675316391
538,la ronge,55.1001,-105.2842,24.429000000000002,63,0,4.63,CA,1675316391
539,tongliao,43.6125,122.2653,26.904000000000003,19,0,3.89,CN,1675316392
540,gornopravdinsk,60.05,69.9,26.49,96,98,1.88,RU,1675316392
541,manzanillo,20.3433,-77.1167,29.487000000000002,83,19,5.41,CU,1675316392
542,karpathos,35.507,27.2132,28.513,54,52,7.72,GR,1675316393
543,forbes,-33.3833,148.0167,30.644000000000002,20,6,8.41,AU,1675316393
544,ozernovskiy,51.5,156.5167,26.77,64,79,4.15,RU,1675316393
545,sivagiri,9.3333,77.4333,30.194000000000003,48,100,3.11,IN,1675316394
546,lucapa,-8.4192,20.7447,29.239,94,100,0.91,AO,1675316394
547,pitimbu,-7.4706,-34.8086,29.948000000000004,80,20,2.93,BR,1675316394
548,channel-port aux basques,47.5702,-59.1367,26.558,65,98,1.38,CA,1675316395
549,broken hill,-31.95,141.4333,29.939,22,2,8.97,AU,1675316395
550,hit,33.6416,42.8251,28.489,60,100,6.44,IQ,1675316396
551,poum,-20.2333,164.0167,30.098000000000003,66,97,4.87,NC,1675316396
552,sobolevo,54.4299,31.8996,27.304000000000002,96,100,4.6,RU,1675316396
553,saint-paul,-21.0096,55.2707,30.22,72,28,1.82,RE,1675316397
554,tessalit,20.1986,1.0114,28.949,16,37,2.79,ML,1675316397
555,vrangel,42.7297,133.0839,26.677999999999997,48,13,6.58,RU,1675316397
556,turbat,26.0023,63.044,29.406000000000002,48,0,1.95,PK,1675316398
557,tete,-16.1564,33.5867,29.92,89,75,0.0,MZ,1675316398
558,the valley,18.217,-63.0578,29.82,74,0,7.67,AI,1675316398
559,ushtobe,45.2514,77.9838,26.959,70,98,3.08,KZ,1675316399
560,mandera,3.9366,41.867,30.041000000000004,53,17,4.01,KE,1675316399
561,axim,4.8699,-2.2405,29.828,91,0,1.75,GH,1675316399
562,sooke,48.3746,-123.7276,27.791000000000004,87,100,3.02,CA,1675316400
563,caconda,-13.7333,15.0667,28.951999999999998,86,100,0.89,AO,1675316400
564,maragogi,-9.0122,-35.2225,29.814999999999998,81,30,1.62,BR,1675316400
565,kiama,-34.6833,150.8667,30.562,71,23,4.02,AU,1675316401
566,big rapids,43.6981,-85.4837,26.653,81,100,1.54,US,1675316401
567,ayorou,14.7308,0.9174,29.445999999999998,12,49,3.57,NE,1675316402
